<?xml version="1.0" encoding="UTF-8"?>
<project-private xmlns="http://www.netbeans.org/ns/project-private/1">
    <editor-bookmarks xmlns="http://www.netbeans.org/ns/editor-bookmarks/2" lastBookmarkId="0"/>
    <open-files xmlns="http://www.netbeans.org/ns/projectui-open-files/2">
        <group>
            <file>file:/C:/Users/m.caler/Documents/NetBeansProjects/AplicacionMira/src/vista/VistaFinalFecha.fxml</file>
            <file>file:/C:/Users/m.caler/Documents/NetBeansProjects/AplicacionMira/src/controlador/VistaInstructorController.java</file>
            <file>file:/C:/Users/m.caler/Documents/NetBeansProjects/AplicacionMira/src/vista/Menu.fxml</file>
            <file>file:/C:/Users/m.caler/Documents/NetBeansProjects/AplicacionMira/src/vista/View1.fxml</file>
            <file>file:/C:/Users/m.caler/Documents/NetBeansProjects/AplicacionMira/src/vista/View2.fxml</file>
            <file>file:/C:/Users/m.caler/Documents/NetBeansProjects/AplicacionMira/src/controlador/VistaPresencialController.java</file>
            <file>file:/C:/Users/m.caler/Documents/NetBeansProjects/AplicacionMira/src/vista/VistaOficial.fxml</file>
            <file>file:/C:/Users/m.caler/Documents/NetBeansProjects/AplicacionMira/src/controlador/VistaOficialController.java</file>
            <file>file:/C:/Users/m.caler/Documents/NetBeansProjects/AplicacionMira/src/vista/VistaFechaCurso.fxml</file>
            <file>file:/C:/Users/m.caler/Documents/NetBeansProjects/AplicacionMira/src/vista/VistaInstructor.fxml</file>
            <file>file:/C:/Users/m.caler/Documents/NetBeansProjects/AplicacionMira/src/controlador/View1Controller.java</file>
            <file>file:/C:/Users/m.caler/Documents/NetBeansProjects/AplicacionMira/src/vista/View3.fxml</file>
            <file>file:/C:/Users/m.caler/Documents/NetBeansProjects/AplicacionMira/src/controlador/VistaFinalFechaController.java</file>
            <file>file:/C:/Users/m.caler/Documents/NetBeansProjects/AplicacionMira/src/controlador/FechaCursoController.java</file>
            <file>file:/C:/Users/m.caler/Documents/NetBeansProjects/AplicacionMira/src/vista/VistaPresencial.fxml</file>
        </group>
    </open-files>
</project-private>
